{
  "flower": "tag:misctags:flowers/nether_flowers",
  "maxTimeInHive": 1200,
  "hasHoneycomb": true,
  "traits": ["nether"],
  "ColorData": {
      "isBeeColored": true,
      "honeycombColor": "#B7C7C7",
      "primaryColor": "#B7C7C7"
  },
  "MutationData": {
      "hasMutation": false
  },
  "CentrifugeData": {
      "hasCentrifugeOutput": true,
      "mainOutput": "minecraft:ghast_tear",
      "mainOutputWeight": 0.20,
      "mainOutputCount": 1
  },
  "SpawnData": {
      "canSpawnInWorld": false
  },
  "BreedData": {
      "isBreedable": true,
      "breedChance": 0.8,
      "parent1": "Creeper",
      "parent2": "Magma",
      "feedItem": "xreliquary:catalyzing_gland",
      "feedAmount": 6
  },
  "TraitData": {
      "hasTraits": true
  }
}