{
  "flower": "tag:forge:storage_blocks/uraninite",
  "maxTimeInHive": 1200,
  "hasHoneycomb": true,
  "baseLayerTexture": "ato/uraninite_bee",
  "ColorData": {
      "isBeeColored": false,
      "honeycombColor": "#00FC1A",
      "modelType": "ORE"
  },
  "MutationData": {
      "hasMutation": false
  },
  "CentrifugeData": {
      "hasCentrifugeOutput": true,
      "mainOutput": "powah:uraninite_ore",
      "mainOutputWeight": 0.50,
      "mainOutputCount": 1,
      "secondaryOutput": "powah:uraninite",
      "secondaryOutputWeight": 0.01,
      "secondaryOutputCount": 2
  },
  "SpawnData": {
      "canSpawnInWorld": false
  },
  "BreedData": {
      "isBreedable": true,
      "breedChance": 0.8,
      "parent1": "Emerald",
      "parent2": "Uranium",
      "feedItem": "tag:forge:storage_blocks/uraninite",
      "feedAmount": 3
  },
  "TraitData": {
      "hasTraits": false
  }
}