{
  "flower": "tag:forge:stone",
  "maxTimeInHive": 1200,
  "hasHoneycomb": true,
  "baseLayerTexture": "misc/rocky_bee",
  "ColorData": {
      "isBeeColored": false,
      "honeycombColor": "#5A5A5A"
  },
  "MutationData": {
      "hasMutation": false
  },
  "CentrifugeData": {
      "hasCentrifugeOutput": true,
      "mainOutput": "minecraft:stone",
      "mainOutputCount": 3,
      "mainOutputWeight": 0.9
  },
  "SpawnData": {
    "canSpawnInWorld": false
},
  "BreedData": {
    "isBreedable": true,
    "breedChance": 0.80,
    "parent1": "Lava",
    "parent2": "Cobbee",
    "feedItem": "immersiveengineering:hemp_fiber",
    "feedAmount": 3
},
  "TraitData": {
      "hasTraits": false
  }
}