{
  "flower": "minecraft:magma_block",
  "maxTimeInHive": 1200,
  "hasHoneycomb": true,
  "traits": ["nether"],
  "ColorData": {
      "isBeeColored": true,
      "honeycombColor": "#885956",
      "primaryColor": "#885956"
  },
  "MutationData": {
      "hasMutation": false
  },
  "CentrifugeData": {
      "hasCentrifugeOutput": true,
      "mainOutput": "minecraft:magma_cream",
      "mainOutputWeight": 0.50,
      "secondaryOutput": "minecraft:magma_block",
      "secondaryOutputWeight": 0.01
  },
  "SpawnData": {
      "canSpawnInWorld": true,
      "biomeWhitelist": "tag:nether"
  },
  "BreedData": {
      "isBreedable": true,
      "feedItem": "xreliquary:molten_core",
      "feedAmount": 2
  },
  "TraitData": {
      "hasTraits": true
  }
}