{
    "flower": "minecraft:blue_ice",
    "maxTimeInHive": 1200,
    "hasHoneycomb": true,
    "ColorData": {
        "isBeeColored": true,
        "primaryColor": "#86aefd",
        "honeycombColor": "#86aefd"
    },
    "MutationData": {
        "hasMutation": false
    },
    "CentrifugeData": {
        "hasCentrifugeOutput": true,
        "mainOutput": "minecraft:ice",
        "mainOutputCount": 3,
        "mainOutputWeight": 0.9
    },
    "SpawnData": {
        "canSpawnInWorld": true,
        "biomeWhitelist": "tag:cold"
    },
    "BreedData": {
        "isBreedable": true,
        "feedItem": "minecraft:blue_ice",
        "feedAmount": 3
    },
    "TraitData": {
        "hasTraits": false
    }
}