{
  "flower": "mythicbotany:alfsteel_block",
  "maxTimeInHive": 1200,
  "hasHoneycomb": true,
  "ColorData": {
      "isBeeColored": true,
      "primaryColor": "#00C9EA",
      "honeycombColor": "#00C9EA"
  },
  "MutationData": {
      "hasMutation": false
  },
  "CentrifugeData": {
      "hasCentrifugeOutput": true,
      "mainOutput": "botania:black_lotus",
      "secondaryOutput": "botania:blacker_lotus",
      "bottleOutput": "botania:mana_bottle",
      "mainOutputWeight": 0.33,
      "secondaryOutputWeight": 0.01,
      "mainInputCount": 9
  },
  "SpawnData": {
      "canSpawnInWorld": true,
      "biomeWhitelist": "tag:magical"
  },
  "BreedData": {
      "isBreedable": false
  },
  "TraitData": {
      "hasTraits": false
  }
}