{
  "flower": "tag:forge:sand",
  "maxTimeInHive": 1200,
  "hasHoneycomb": true,
  "baseLayerTexture": "misc/sandy_bee",
  "ColorData": {
      "isBeeColored": false,
      "honeycombColor": "#DDD2B7"
  },
  "MutationData": {
      "hasMutation": false
  },
  "CentrifugeData": {
      "hasCentrifugeOutput": true,
      "mainOutput": "minecraft:sand",
      "mainOutputWeight": 0.50,
      "mainOutputCount": 3
  },
  "SpawnData": {
      "canSpawnInWorld": true,
      "biomeWhitelist": "tag:sandy"
  },
  "BreedData": {
      "isBreedable": true,
      "feedItem": "tag:forge:sand",
      "feedAmount": 4
  },
  "TraitData": {
      "hasTraits": false
  }
}